run,total_return_pct,ann_gross_pct,net_return_pct,net_ann_pct,net_final,sharpe,max_dd_pct
1,801.847573881857,37.96711458716979,457.6809502137378,28.595920546230612,836521.4253206067,1.7178838363757027,-22.99921883859335
2,1132.9139967266456,44.42710297787058,644.4775040631035,34.14918420964761,1116716.2560946553,1.9708468531876502,-21.370164278628067
3,925.9423540694102,40.59478551481912,536.8368723028013,31.118104881205365,955255.308454202,1.861510970649131,-20.657567558654698
4,718.0843142200189,36.01293263548024,423.1697391026963,27.399349960576803,784754.6086540445,1.684621591273758,-21.041359825014382
5,740.6289201756339,36.55510807130202,437.5775365483856,27.90685524767291,806366.3048225783,1.7127825679879567,-21.629311250068206
6,814.4683810914044,38.24799237510563,487.889770643172,29.592506054099978,881834.6559647581,1.7595888954892314,-20.70085856651739
7,776.4124479042243,37.39070337707704,474.04816797325157,29.141435632864198,861072.2519598773,1.7606484083667702,-22.20560689092269
8,547.1949147646259,31.42804956089027,339.2991337827759,24.18309793947553,658948.7006741639,1.532445843792718,-21.266681614371286
9,686.6893794696127,35.236263815736415,420.3365520869955,27.298151642654677,780504.8281304933,1.6406728871814584,-23.321310753662782
10,759.8835311841419,37.008421608581685,454.88639109794127,28.50141596573885,832329.5866469119,1.7303545949720525,-21.80134473290306
11,860.138241261612,39.237482092743605,485.4747461191216,29.514462743842863,878212.1191786824,1.7301154608824374,-20.921248686078176
12,1166.590046503989,44.99778775551084,663.6962217608346,34.6504778034914,1145544.3326412519,1.8877896767570086,-25.160463041415493
13,811.636555202948,38.185258974008065,487.6891622280054,29.586033677356237,881533.7433420081,1.7135952574752151,-22.006267813631
14,855.9439457865565,39.148303622653046,504.6513904494249,30.12675311984909,906977.0856741373,1.781773270676534,-22.499373271248434
15,731.1170192679958,36.32788862567609,429.85014072287544,27.636127059673377,794775.2110843132,1.6679108851389488,-21.000787768511653
16,1055.1069800941177,43.055872019438254,598.418037546003,32.90125737603351,1047627.0563190046,1.970174081274789,-22.138338861271656
17,473.1399785798554,29.111516117737658,296.1745224378359,22.319470288434594,594261.7836567538,1.416978874214584,-23.589111249212845
18,1128.1313712985555,44.34497901810936,638.4012961164145,33.98839591468259,1107601.9441746217,1.9768747677499177,-20.338282766553238
19,798.1693027358223,37.884622769695866,466.65405023018815,28.896658272476206,849981.0753452822,1.7771331107058423,-20.921248686078144
20,1031.9240455922816,42.63206299265039,562.6961253465716,31.884074437931243,994044.1880198575,1.987635059866799,-22.27553093836513
21,1136.827465408869,44.49410031386263,641.4189957080011,34.0683907255201,1112128.4935620017,2.0063317028503103,-19.88037232641545
22,665.3146574718979,34.692199081336895,383.84341006474347,25.950735192283968,725765.1150971152,1.6374160666798578,-24.05382902003175
23,1021.8946759309114,42.44641541462719,587.7636563630608,32.60261275960663,1031645.4845445913,1.9142972880633953,-20.963026363413896
24,835.4898302613587,38.708564948459134,483.72125372650385,29.45762494700068,875581.8805897558,1.7811419794207937,-19.916965607210948
25,1034.996787700741,42.688659642882556,599.04713064556,32.91876910588562,1048570.69596834,1.8588186154405697,-19.313930625715827
26,897.1563249356326,40.01045770953593,530.0420747967721,30.912437799963467,945063.1121951583,1.852186478053334,-20.338282766553284
27,739.4874081764744,36.52795597567202,423.8604630990129,27.423950913338622,785790.6946485194,1.7233939232730735,-20.737874486215937
28,1041.0266799284034,42.79934471876774,602.3634761326449,33.01086267123765,1053545.2141989674,1.9057356429735635,-22.627917740880964
29,1083.4299844347345,43.563902072815175,588.6763187523445,32.62834896729259,1033014.4781285167,1.9864550680521231,-20.34678094241511
30,922.9768201192568,40.53523945968001,513.7026212340712,30.410008628257224,920553.9318511068,1.8439934934739879,-19.959865448896142
31,824.6995498062037,38.47327005706891,511.5466408621902,30.342863070546922,917319.9612932854,1.768334248421119,-22.454345043222002
32,606.7703749718331,33.13266778626753,352.91795656533793,24.739172705887302,679376.9348480069,1.5496714967440137,-23.74506480315759
33,819.8560140861215,38.36688803918869,478.5875351282163,29.290378191349586,867881.3026923245,1.822481005409049,-19.475863524329128
34,621.3982768298351,33.53238320272347,360.2092842163976,25.0310446789062,690313.9263245964,1.6300639732030444,-20.038622920438875
35,606.4857563061165,33.1248206403111,371.28824879608106,25.467067637202767,706932.3731941216,1.5019546426571917,-22.61156350504663
36,953.5740631100534,41.14266164140867,557.9624629195204,31.745790879941914,986943.6943792806,1.852813504071925,-20.92124868607812
37,748.7122919185077,36.74648429211636,432.29004722252887,27.721970896137837,798435.0708337934,1.7110394593393692,-19.54822042702086
38,983.3629746037664,41.71973769525572,564.4402931984794,31.934813943957117,996660.439797719,1.8710822812854795,-20.444949276753878
39,824.3021329904562,38.46455924554733,473.6155304235573,29.127187806065315,860423.295635336,1.7208336256390515,-22.515254556558915
40,692.6229730568725,35.385056358670084,406.58418683321395,26.80014512147364,759876.2802498209,1.5945472870946762,-22.46545147855692
41,1231.4174036862835,46.06083856675287,699.2323254279645,35.549679105072144,1198848.4881419467,2.0071386995196954,-17.850676742042502
42,734.6250809508442,36.41194604522682,442.0613252631723,28.062424697104404,813091.9878947585,1.706209709905752,-20.120418579409904
43,694.3013940272713,35.426972391423874,397.9246681287434,26.48060889846109,746887.0021931152,1.6589551180121638,-23.246168237720454
44,620.2394605156985,33.500971501679054,365.89740255517347,25.2560116346775,698846.1038327602,1.5679714958488635,-20.294878883198773
45,691.8561997543471,35.365882132501625,414.07866024001055,27.072948989877688,771117.9903600158,1.7385109201546258,-18.72062034111601
46,1065.7457784999626,43.247934477916125,589.9254579542421,32.66352634516225,1034888.1869313632,1.9307067838749377,-21.077238861712942
47,974.6483944594893,41.552333552279784,550.9425437126871,31.53914751328699,976413.8155690306,1.8482855065946315,-21.670940573204888
48,733.7781569946571,36.39168037539506,412.2735134588609,27.007552372604483,768410.2701882913,1.688364909073706,-20.78755397883272
49,784.6142953777983,37.57811635153443,456.31234735092676,28.549688662759245,834468.5210263901,1.7340544613649744,-22.50574452587094
50,953.4452684859174,41.14013652721078,567.4911876296418,32.02329462179336,1001236.7814444626,1.8917433120972733,-20.389237177094966
