,period_0,period_1,period_2,mean,std,stability,rank_stability,rank_mean
rsi_14_z_xs,0.0047252346,0.0047745216,0.0048703835,0.0047900467,6.02651e-05,71487.15,1,96
mom_x_vol_20d,0.0065175407,0.006086924,0.006362578,0.006322348,0.00017808522,14955.854,2,13
vol_60d,0.0044072266,0.0041121775,0.004470612,0.004330005,0.0001561861,12802.552,3,121
ret_5d,0.0053642336,0.0048813894,0.0051335003,0.0051263743,0.00019718471,10198.258,4,71
pos_in_spread_60d,0.00637507,0.005840275,0.0063682683,0.006194538,0.00025051704,8203.246,5,20
dd250_x_shortmom,0.005549943,0.005002217,0.0053988583,0.0053170063,0.00023097738,8083.497,6,57
ret_20d_z_within_block,0.0052993256,0.0048589665,0.005447329,0.005201874,0.000249887,6918.242,7,64
ma50_vs_ma100,0.006054747,0.005817306,0.0053516603,0.005741238,0.00029203025,5858.3916,8,34
ret_40d,0.0053508608,0.004681121,0.004942457,0.0049914797,0.00027560868,5619.9385,9,83
ret_spx_5d,0.004733702,0.0049339086,0.0054183835,0.0050286646,0.00028743834,5271.4106,10,80
vol_ratio_vs_univ,0.005263614,0.0060204226,0.005697857,0.005660631,0.00031008507,5216.12,11,41
mom_ratio_20v120,0.003866987,0.004043467,0.0033660606,0.0037588382,0.00028692852,3952.1958,12,148
vix_velocity_20,0.004280309,0.0047212634,0.005101987,0.0047011864,0.0003357489,3784.2764,13,102
skew_20,0.004598099,0.004306332,0.005131096,0.0046785087,0.00034147545,3659.287,14,105
ret_10d_z_xs,0.0056736036,0.004781481,0.0051359846,0.0051970235,0.00036675605,3600.0908,15,66
ret_250d_rank,0.004785913,0.005619878,0.004801264,0.0050690183,0.000389567,3169.0884,16,76
mom2_60d_z_xs,0.0052941493,0.0045737866,0.0043989914,0.0047556427,0.0003874107,3001.3572,17,99
price_vs_ma10,0.005531064,0.005777713,0.006630187,0.005979655,0.000470888,2708.422,18,25
ret_250d_z_xs,0.00507923,0.0054002665,0.0043302984,0.0049365982,0.00044830478,2430.8225,19,89
ret_5d_z_xs,0.006219823,0.005071796,0.0059822747,0.0057579647,0.0004947913,2397.4614,20,32
vix_z5,0.005996344,0.0048209825,0.005234058,0.0053504617,0.00048684777,2289.9343,21,53
ret_60d_vs_univ,0.0030286813,0.0038647882,0.003840666,0.0035780452,0.00038858375,2246.581,22,153
ma_200_slope,0.0050285175,0.004859164,0.0059811412,0.005289607,0.0004938517,2209.5784,23,60
rank_lag_20d,0.0055812052,0.0044220923,0.0048866565,0.004963318,0.00047630063,2204.826,24,87
yc_x_vix,0.0046887374,0.0059322095,0.005155442,0.0052587963,0.000512879,2059.9712,25,62
mom2_x_vol_20d,0.0061875223,0.005165869,0.005001316,0.005451569,0.0005247157,2054.238,26,47
pos_in_spread_20d,0.0060139038,0.0047415458,0.0053375745,0.005364341,0.0005197827,2054.0898,27,52
ret_120d_rank_extreme,0.0071460074,0.006722566,0.008262519,0.007377031,0.00064956,1933.8776,28,1
rot_cross_20v60,0.005809026,0.0046008085,0.0057497183,0.005386518,0.00055610755,1838.8162,29,51
mom_accel_5dv60d,0.0059208027,0.005113438,0.0065911617,0.0058751344,0.00060414197,1742.1344,30,29
ret_120d,0.0064561497,0.0056462497,0.0049800854,0.0056941616,0.0006035523,1691.2762,31,39
vol_120d_z_xs,0.0060020746,0.0062474757,0.0048603094,0.0057032867,0.00060443545,1689.7812,32,38
so_ret_20d,0.005841794,0.0044192076,0.0048231934,0.005028065,0.00059856346,1514.6548,33,81
ma10_vs_ma50,0.006138245,0.0046057287,0.005582846,0.005442273,0.0006334941,1488.7373,34,48
mom2_20d_z_xs,0.006023695,0.0048607173,0.0046107825,0.005165065,0.0006156575,1483.1989,35,68
mom_accel_60dv120d_z_xs,0.006294471,0.004880244,0.0050106486,0.0053951214,0.000638161,1457.5383,36,50
vol_x_disp_20d,0.0059384294,0.005503219,0.004431064,0.0052909036,0.0006334277,1447.5881,37,58
ret_1d_z_xs,0.006492237,0.005028859,0.005153036,0.0055580437,0.0006625167,1408.9238,38,42
vol_ratio_20v60,0.0041960734,0.003678524,0.005070704,0.0043151,0.00057455315,1393.5729,39,122
atr_14_z_xs,0.005063715,0.00555961,0.004056155,0.00489316,0.00062551897,1367.6682,40,90
atr_ratio_7v14,0.004991685,0.0044624223,0.0060350257,0.005163044,0.00065334694,1340.1747,41,70
sharpe_since_start,0.0035865249,0.004219412,0.0029287953,0.003578244,0.00052692456,1338.7446,42,152
ret_60d_vs_section,0.007131371,0.005985437,0.0053490372,0.0061552823,0.0007374795,1300.3888,43,22
ret_120d_rank,0.003976777,0.005537016,0.005007207,0.0048403335,0.0006478021,1274.7455,44,93
section_vs_univ_20d,0.003938183,0.0048038154,0.005521534,0.004754511,0.0006473398,1253.6638,45,100
mom_accel_20dv60d,0.0040097763,0.005014698,0.0035592932,0.0041945893,0.00060836814,1229.1549,46,129
mom_spread_20d,0.00555126,0.0056338916,0.004117442,0.0051008645,0.00069620257,1188.4841,47,73
mom_x_vol_x_so_20d,0.0060880817,0.0045791958,0.004631324,0.0050995336,0.0006993328,1179.1471,48,74
vol_since_start,0.005643156,0.004302636,0.006068741,0.005338177,0.00075256923,1089.5925,49,55
universe_mean_60d,0.0045712604,0.0043859533,0.006009527,0.004988914,0.00072563696,1083.386,50,85
so_cross_20v60,0.004349899,0.003149495,0.0046692463,0.0040562134,0.00065426773,1050.3562,51,137
vol_cross_5v20,0.0059221326,0.006179871,0.0044046217,0.0055022086,0.00078321126,1049.4048,52,44
vix_velocity,0.003697731,0.003958556,0.0052548223,0.004303703,0.0006809201,1041.3075,53,123
mom_ratio_60v120,0.003956776,0.003446371,0.005052928,0.004152025,0.0006702476,1031.9536,54,131
vol_20d_rank,0.006956954,0.005444515,0.00505446,0.0058186427,0.0008205079,1025.3713,55,31
mom_x_yc,0.003599319,0.0022499817,0.0030080143,0.0029524385,0.00055226457,1019.83716,56,190
vix_level,0.0073847296,0.0053119995,0.006020416,0.0062390487,0.0008601948,1014.6213,57,17
ret_60d_z_within_block,0.0051865885,0.003952749,0.0057544867,0.0049646082,0.0007521175,1014.37714,58,86
ret_10d,0.005190144,0.004198292,0.0034980997,0.0042955116,0.00069418637,1005.78625,59,125
mom_accel_20dv60d_z_xs,0.0030111824,0.0045724083,0.0035687403,0.0037174437,0.00064598303,983.71356,60,149
vol_5d_z_xs,0.0054917303,0.0042947233,0.0062560667,0.0053475066,0.0008071833,968.94415,61,54
kurtosis_60,0.00418841,0.005420614,0.006176031,0.0052616852,0.0008191879,929.7646,62,61
etf_id_code,0.0035644737,0.005340496,0.0049750055,0.0046266583,0.0007657559,916.8831,63,108
mom_spread_60d,0.0058925776,0.008285382,0.0068083727,0.0069954437,0.0009857737,902.3896,64,5
mom_ratio_5v60,0.0057836105,0.0038714907,0.0053171576,0.004990753,0.00081402523,891.4189,65,84
price_vs_ma20,0.0047951005,0.006438588,0.0045237695,0.005252486,0.000845984,878.71783,66,63
sharpe_60d_z_xs,0.005939389,0.0054480922,0.0039487504,0.0051120776,0.00084669556,854.00653,67,72
ma_10_slope,0.007616776,0.0053390525,0.0059687146,0.006308181,0.00096035906,850.68176,68,14
mom_accel_5dv60d_z_xs,0.0051384275,0.0043520555,0.006521744,0.005337409,0.00089687697,808.50885,69,56
volume_z20,0.004628075,0.0035974921,0.0056237616,0.0046164426,0.00082726195,802.25867,70,110
rotation_z5,0.0054468764,0.003994695,0.006160554,0.0052007083,0.00090117904,781.4187,71,65
ret_20d_rank_extreme,0.007881304,0.0062832995,0.0053771203,0.0065139085,0.0010352518,773.1497,72,11
yield_curve_z20,0.004859142,0.0030687426,0.004658875,0.0041955863,0.0008009826,770.2533,73,128
mom_accel_5dv20d,0.0042491457,0.005631408,0.006529931,0.005470162,0.0009380816,767.6995,74,46
ret_40d_z_xs,0.0069082747,0.00484069,0.00714033,0.0062964316,0.001033715,749.22675,75,15
vol_20d_vs_univ,0.0056397365,0.007676969,0.0053462437,0.0062209833,0.0010364862,736.88745,76,19
ret_spx_20d,0.006023612,0.0042141234,0.0040452396,0.0047609913,0.00089546555,723.1268,77,98
HYG_dvol_z20,0.0047597713,0.0038646597,0.0028335066,0.0038193122,0.0007870477,722.4096,78,146
TIP_dvol_z20,0.0056301476,0.0037159258,0.0037632713,0.004369782,0.00089142297,668.8326,79,118
skew_60,0.0053108972,0.003943011,0.0031950783,0.004149662,0.0008760521,654.20215,80,132
vol_60d_z_xs,0.0063251555,0.0040258034,0.004526994,0.004959318,0.0009872294,638.1332,81,88
ma100_vs_ma200,0.0049524545,0.00381537,0.0062470334,0.0050049527,0.0009934163,637.2017,82,82
max_dd_since_start,0.00821318,0.0053764065,0.007611707,0.007067098,0.0012204563,634.0937,83,4
rsi_7,0.005804431,0.003460519,0.004692316,0.004652422,0.0009573138,630.793,84,106
mom2_20d,0.0071820887,0.0055675255,0.004521831,0.005757148,0.0010942913,621.84406,85,33
vix_at_max_dd,0.0056211012,0.0049745003,0.0033123633,0.0046359883,0.0009724575,612.01544,86,107
ma20_vs_ma50,0.0055311196,0.0056705056,0.003435901,0.004879175,0.0010221344,591.81085,87,91
mom_accel_5dv20d_z_xs,0.0038253237,0.0042949053,0.0023121722,0.0034774672,0.0008459948,581.7523,88,162
breadth_pos_20d,0.003239809,0.005629191,0.004898372,0.004589124,0.0009996707,578.06024,89,112
mom_x_vol_60d,0.0069009066,0.005382485,0.004169572,0.0054843216,0.0011173853,571.71295,90,45
vol_cross_5v60,0.0070328885,0.0044857943,0.004754479,0.0054243878,0.0011426591,544.3679,91,49
rank_lag_60d,0.0065975785,0.0039972,0.004589967,0.0050615817,0.0011127465,531.3893,92,77
mom_accel_60dv120d,0.0067747524,0.003951831,0.005144933,0.005290505,0.0011570408,519.76196,93,59
so_cross_60v120,0.006140009,0.0035287922,0.0044018324,0.0046902113,0.0010853525,513.7149,94,104
ret_250d,0.005973596,0.0034594198,0.0039717685,0.0044682617,0.0010847886,489.83752,95,114
sharpe_120d_z_xs,0.0068352,0.0044785235,0.0041761487,0.005163291,0.0011886457,484.5489,96,69
rotation_z20,0.005121789,0.004868854,0.0077573853,0.005916009,0.0013061375,472.9855,97,26
dxy_ret_60d,0.0034737058,0.006222951,0.004389795,0.004695484,0.0011429995,470.97974,98,103
vol_10d,0.005041558,0.008186528,0.0054730256,0.006233704,0.001392045,447.235,99,18
ma10_vs_ma20,0.0028860355,0.0043266527,0.0056238268,0.004278838,0.0011182099,445.4883,100,126
ret_5d_z_within_block,0.0053772344,0.0027504824,0.0048779575,0.004335225,0.001138969,437.46323,101,119
QQQ_dvol_z20,0.0023494714,0.0046236347,0.0046936306,0.0038889125,0.0010889241,423.57697,102,143
rot_cross_5v20,0.0048312475,0.004639357,0.0076622693,0.005710958,0.0013820076,414.8025,103,36
vol_120d,0.0063318945,0.00397744,0.0035480673,0.004619134,0.0012237243,412.57092,104,109
atr_ratio_7v21,0.0063536232,0.004572652,0.0032940325,0.004740102,0.0012546722,405.77603,105,101
section_vs_univ_60d,0.00680567,0.004723489,0.0036524942,0.005060551,0.0013091569,403.00653,106,78
shares_outstanding_z60,0.005175183,0.0038877872,0.002449262,0.0038374106,0.0011134226,402.45413,107,145
rsi_14,0.0032738128,0.0063892733,0.004718033,0.004793707,0.0012730066,400.36816,108,95
ret_20d,0.0039233305,0.0032923932,0.0061831134,0.004466279,0.0012410105,389.51816,109,115
volume_z120,0.0067304634,0.0036515596,0.0041340324,0.004838685,0.0013521129,364.75858,110,94
so_breadth_pos,0.0031374556,0.0056167245,0.0064061657,0.0050534485,0.0013926177,362.3045,111,79
mom_x_dd_60,0.0074304077,0.0054615713,0.003776451,0.0055561434,0.0014932198,353.80438,112,43
rsi_x_mom_20d,0.006851607,0.004241721,0.0035028537,0.0048653935,0.0014364918,330.90454,113,92
dxy_cross_20v60,0.0027493327,0.004124954,0.0060223527,0.0042988798,0.0013418526,328.2897,114,124
ret_60d_rank,0.008691155,0.005388886,0.004664621,0.006248221,0.0017525385,303.05515,115,16
mom2_60d,0.008473991,0.004699799,0.0048459326,0.0060065743,0.0017457469,293.26404,116,24
atr_21,0.0061301826,0.0034156588,0.007577384,0.005707742,0.001725076,284.3744,117,37
drawdown_60_z_xs,0.008745192,0.005532939,0.0041972753,0.006158469,0.0019086385,258.3703,118,21
mom_x_vix,0.007466568,0.004345555,0.00346449,0.005092204,0.0017170268,255.7319,119,75
ret_vs_mkt,0.005054426,0.006236727,0.009959546,0.0070835664,0.0020901202,254.66013,120,3
sharpe_x_so_20d,0.0068894387,0.0028772808,0.004026685,0.0045978012,0.001687006,237.93158,121,111
sharpe_120d,0.0049980115,0.009433691,0.0050570094,0.0064962376,0.0020772333,236.01361,122,12
rsi_5,0.009540724,0.004486288,0.005899016,0.0066420087,0.002129297,231.36516,123,7
vol_20d,0.008499257,0.003708323,0.00496784,0.00572514,0.0020278709,216.67946,124,35
bb_x_volsurge,0.007871564,0.004108847,0.0035246846,0.005168365,0.0019262698,213.46869,125,67
ret_5d_rank,0.0032490643,0.0054122736,0.0015318111,0.0033977164,0.0015876755,194.9361,126,166
universe_disp_60d,0.0054702032,0.010743335,0.005295058,0.007169532,0.0025280716,186.53012,127,2
yc_cross_20v60,0.00875031,0.004689707,0.003567378,0.005669132,0.00222638,183.06187,128,40
price_vs_ma200,0.0063944506,0.0050254986,0.001798917,0.0044062887,0.0019265336,181.95033,129,117
ret_20d_vs_univ,0.0052900882,0.0013482445,0.00510606,0.0039147977,0.0018163815,178.6724,130,142
sharpe_20d_z_xs,0.0060180966,0.0039991247,0.010246684,0.0067546354,0.0026031858,167.20268,131,6
hl_position_20,0.010207161,0.00462459,0.0048089135,0.0065468885,0.0025892977,163.54065,132,10
current_dd,0.01027885,0.0053090695,0.00429072,0.006626213,0.00261605,162.65494,133,8
vol_20d_z_xs,0.009244497,0.005392406,0.0030767082,0.005904537,0.0025438964,151.99768,134,28
GLD_dvol_z20,0.0030442872,0.0026702385,0.0,0.0019048419,0.0013555553,142.9749,135,219
rsi_14v60,0.0043484713,0.004612275,0.010837063,0.00659927,0.002998507,128.45688,136,9
shares_outstanding_z5,0.0,0.003703666,0.0027862864,0.0021633173,0.0015748764,125.83497,137,216
so_cross_20v120,0.004026728,0.0037153258,0.0099778855,0.0059066466,0.0028816063,123.01617,138,27
rot_cross_5v60,0.0034019845,0.0038127818,0.0,0.002404922,0.0017087864,121.76764,139,209
vol_ratio_5v60,0.0,0.003663911,0.0036845107,0.002449474,0.00173206,121.203735,140,208
ret_1d,0.0,0.0026741053,0.003929657,0.0022012542,0.001638748,119.673965,141,213
bb_position_60,0.0,0.0043089413,0.0033267003,0.002545214,0.00184387,113.23558,142,206
atr_14,0.0,0.0041162246,0.004069979,0.0027287344,0.001929599,112.374405,143,201
volume_z5,0.0,0.0040427134,0.004468262,0.0028369918,0.0020135648,108.67175,144,196
rotation_z10,0.004188023,0.0,0.004557462,0.0029151617,0.0020668409,106.8171,145,193
ret_20d_vs_section,0.0,0.004704684,0.003716097,0.002806927,0.0020254145,106.45293,146,198
volume_z10,0.004622221,0.0,0.0030532249,0.0025584819,0.0019191682,106.33845,147,205
price_vs_ma50,0.0,0.003478884,0.0047207335,0.0027332057,0.0019980588,106.0812,148,200
yield_curve_velocity_20,0.004441937,0.004448981,0.0,0.002963639,0.0020956115,106.07111,149,188
vol_ratio_20v120,0.0044571874,0.004575623,0.0,0.0030109368,0.0021296027,104.85622,150,185
volume_z60,0.0,0.0048474157,0.0038833043,0.0029102399,0.0020951533,104.19864,151,194
spx_vol_20d,0.0,0.0043825493,0.0048059165,0.003062822,0.002172628,103.097176,152,182
rank_change_20d,0.0,0.0040548807,0.004909013,0.0029879648,0.0021413912,103.08427,153,186
so_price_divergence,0.0048844386,0.0,0.004201637,0.003028692,0.0021596737,102.99008,154,184
universe_mean_20d,0.0035190652,0.0,0.0049194964,0.0028128538,0.0020695268,102.84104,155,197
ma_100_slope,0.0,0.0045502405,0.0048459508,0.003132064,0.0022179915,101.78856,156,179
vol_cross_20v120,0.0,0.004996167,0.004164184,0.0030534503,0.002185668,101.741425,157,183
mom_x_dxy,0.0,0.004459429,0.0049148607,0.0031247633,0.0022173503,101.60122,158,180
bb_position_20_z_xs,0.0,0.0049764276,0.0044853594,0.0031539288,0.0022391574,100.85749,159,177
mom60_x_vix,0.0,0.005109824,0.0044752657,0.00319503,0.0022740313,99.52246,160,176
dxy_z60,0.0,0.003705307,0.005158544,0.0029546171,0.0021718342,99.51671,161,189
rank_change_60d,0.0051159817,0.0044964384,0.0,0.00320414,0.002279743,99.38151,162,175
so_ret_60d,0.0,0.0050723623,0.0031026134,0.0027249919,0.0020879277,98.140686,163,202
yc_cross_5v20,0.0,0.0046392735,0.005189428,0.0032762338,0.0023275092,98.09788,164,172
dxy_cross_5v20,0.0,0.0035665117,0.005255513,0.002940675,0.0021907163,97.600204,165,191
vix_cross_20v60,0.0,0.004895168,0.005261493,0.0033855538,0.0023986145,96.31569,166,168
rsi_7v21,0.0054561333,0.0048446045,0.0,0.0034335793,0.0024407092,94.83529,167,163
ma50_vs_ma200,0.0,0.003908436,0.005551754,0.0031533968,0.002328527,94.34971,168,178
yield_curve_z5,0.0055411793,0.0051973164,0.0,0.0035794985,0.0025349776,92.69713,169,151
shares_outstanding_z120,0.0057148165,0.0048110997,0.0,0.0035086386,0.0025082643,92.5133,170,160
section_code,0.0,0.0038586115,0.005780448,0.00321302,0.0024036067,91.08478,171,174
dxy_ret_5d,0.0,0.003349534,0.005610316,0.0029866167,0.0023047333,90.93362,172,187
ret_60d_rank_extreme,0.0,0.0059654345,0.0047418647,0.0035690998,0.0025726946,90.136116,173,155
hl_position_60,0.0,0.0044026976,0.0061716875,0.0035247952,0.0025949266,87.724594,174,159
ma20_vs_ma100,0.0044318885,0.0063010436,0.0,0.003577644,0.0026423584,86.33986,175,154
ret_60d,0.0,0.0037011977,0.00611855,0.0032732494,0.0025161502,85.84738,176,173
drawdown_20,0.0042805537,0.006312873,0.0,0.0035311424,0.0026311348,85.83651,177,156
TLT_dvol_z20,0.006214772,0.0,0.003915976,0.003376916,0.002565643,85.68144,178,169
atr_7,0.0062448885,0.00388384,0.0,0.003376243,0.0025746068,85.15796,179,170
price_vs_ma100,0.0064848,0.0,0.00503786,0.0038408868,0.0027794144,85.05718,180,144
vol_cross_20v60,0.0029747589,0.005813472,0.0,0.0029294102,0.0023735566,84.840065,181,192
XLK_dvol_z20,0.00624895,0.005988737,0.0,0.0040792287,0.0028864061,84.71699,182,136
drawdown_250,0.0,0.0039138487,0.006334517,0.003416122,0.0026098948,84.19269,183,165
rsi_21,0.006380477,0.0059522334,0.0,0.0041109035,0.0029121004,84.09818,184,134
ret_120d_z_xs,0.0,0.006035021,0.0065175095,0.0041841767,0.0029652095,83.00724,185,130
ma_20_slope,0.0056852973,0.0066570854,0.0,0.0041141273,0.002936055,83.00012,186,133
mom_ratio_20v60,0.0,0.0038493709,0.006448856,0.0034327423,0.002649166,82.481346,187,164
yield_curve,0.0,0.0037299288,0.0064572785,0.0033957355,0.0026467433,81.71916,188,167
sharpe_20d,0.0,0.0050318576,0.006855107,0.0039623217,0.0028989716,81.68365,189,139
dxy_z5,0.00666434,0.003922514,0.0,0.0035289514,0.002734901,80.32395,190,157
spx_drawdown_60,0.0,0.006752962,0.0041270396,0.003626667,0.0027794966,80.309204,191,150
ret_60d_z_xs,0.006999764,0.0047854236,0.0,0.003928396,0.0029211924,79.93981,192,141
ret_20d_rank,0.0062249834,0.0,0.0029756168,0.0030668667,0.002542158,79.040695,193,181
shares_outstanding_z10,0.006775344,0.0037428502,0.0,0.0035060646,0.0027710854,78.03963,194,161
vix_reversion_force,0.004391593,0.00097501435,0.0,0.001788869,0.0018829572,76.798004,195,221
yield_curve_velocity,0.0,0.0073734894,0.004889113,0.0040875343,0.003063112,76.73343,196,135
shares_outstanding_z20_rank,0.0065296246,0.0,0.007829194,0.004786273,0.0034257385,74.287445,197,97
ret_120d_z_xs_sq,0.0,0.0,0.0027645808,0.0009215269,0.0013032359,73.95525,198,237
so_x_mom_20d,0.0060371934,0.0022713835,0.0,0.0027695254,0.002489717,73.9521,199,199
sharpe_60d,0.0,0.0027655857,0.0,0.0009218619,0.0013037096,73.93645,200,236
so_cross_5v20,0.0,0.0076118372,0.004207422,0.003939753,0.0031132782,71.94467,201,140
ret_20d_z_xs_sq,0.0,0.003917831,0.007473243,0.0037970245,0.0030521343,71.71621,202,147
kurtosis_20,0.008012761,0.0,0.004982775,0.0043318453,0.0033034193,71.521194,203,120
vix_cross_5v60,0.0,0.0060361098,0.0020767972,0.0027043025,0.0025038605,71.51846,204,203
yield_curve_z60,0.0079766195,0.0046523176,0.0,0.0042096456,0.0032714505,70.66218,205,127
dxy_ret_20d,0.0,0.0,0.003021757,0.0010072523,0.0014244699,69.49088,206,235
vix_squared,0.0,0.0,0.0031132523,0.0010377507,0.0014676012,68.05492,207,234
ret_20d_z_xs,0.0,0.005049667,0.008489916,0.0045131943,0.003486691,67.98002,208,113
shares_outstanding_z20,0.007972669,0.003980975,0.0,0.003984548,0.0032548294,67.465416,209,138
rotation_z60,0.0027986006,0.0,0.0070887306,0.0032957771,0.0029152376,67.29956,210,171
drawdown_120,0.0074280505,0.0,0.0031534361,0.0035271624,0.0030439817,66.9228,211,158
ma_50_slope,0.0,0.0033511901,0.0,0.0011170633,0.0015797662,64.63536,212,233
vol_ratio_10v120,0.0,0.0045993216,0.008765364,0.0044548954,0.0035799018,64.158875,213,116
XLF_dvol_z20,0.0,0.0,0.0035744044,0.0011914681,0.0016849904,61.782707,214,232
ret_60d_rank_cubic,0.003635516,0.0,0.0,0.0012118387,0.0017137986,61.053886,215,231
vix_cross_5v20,0.0,0.00608061,0.0013392778,0.002473296,0.0026086974,61.003662,216,207
bb_position_120,0.0,0.0036694112,0.0,0.001223137,0.001729777,60.658554,217,230
vix_z20,0.0,0.010490909,0.0075951573,0.006028689,0.0044238116,60.585506,218,23
vol_ratio_5v20,0.0,0.0037708646,0.0,0.0012569549,0.0017776026,59.511494,219,229
vix_accel_5d,0.0,0.0040968456,0.0,0.0013656152,0.0019312715,56.155823,220,228
atr_ratio_14v21,0.0,0.0,0.0042400244,0.0014133415,0.0019987668,54.82159,221,227
vix_z60,0.0,0.004468674,0.0,0.0014895579,0.002106553,52.842636,222,226
bb_position_20,0.0,0.0,0.004718885,0.0015729616,0.0022245036,50.86534,223,225
rsi_60,0.0,0.0,0.0049227043,0.0016409014,0.002320585,49.381798,224,224
ann_ret_since_start,0.0,0.0,0.004936982,0.0016456606,0.0023273155,49.281788,225,223
ret_spx_60d,0.0,0.0050984905,0.0,0.0016994969,0.0024034516,48.183723,226,222
breadth_pos_60d,0.0053916476,0.0,0.0,0.0017972159,0.002541647,46.3345,227,220
so_vs_univ,0.0,0.0,0.0061349557,0.0020449853,0.0028920458,42.32934,228,218
dxy_z20,0.0,0.0,0.0063348957,0.002111632,0.0029862984,41.389664,229,217
mom_ratio_5v20,0.0,0.006524178,0.0,0.002174726,0.003075527,40.545383,230,215
vol_5d,0.006589264,0.0,0.0,0.0021964214,0.003106209,40.264626,231,214
IEF_dvol_z20,0.006838334,0.0,0.0,0.0022794446,0.0032236215,39.232346,232,212
dd_250_severity,0.0070457966,0.0,0.0,0.0023485988,0.0033214204,38.420094,233,211
drawdown_60,0.0,0.007201003,0.0,0.0024003342,0.0033945853,37.838543,234,210
ret_120d_rank_cubic,0.0076996256,0.0,0.0,0.0025665418,0.0036296383,36.106117,235,204
universe_disp_20d,0.013913485,0.0035982276,0.0,0.0058372375,0.0058966735,35.989468,236,30
XLY_dvol_z20,0.0,0.0,0.00852109,0.0028403634,0.0040168804,33.63279,237,195
so_cross_5v60,0.0,0.0,0.0,0.0,0.0,,238,245
hy_spread,0.0,0.0,0.0,0.0,0.0,,239,245
hy_spread_z5,0.0,0.0,0.0,0.0,0.0,,240,245
hy_spread_z20,0.0,0.0,0.0,0.0,0.0,,241,245
hy_spread_z60,0.0,0.0,0.0,0.0,0.0,,242,245
hy_spread_velocity,0.0,0.0,0.0,0.0,0.0,,243,245
hy_spread_velocity_20,0.0,0.0,0.0,0.0,0.0,,244,245
hy_cross_5v20,0.0,0.0,0.0,0.0,0.0,,245,245
hy_cross_5v60,0.0,0.0,0.0,0.0,0.0,,246,245
hy_cross_20v60,0.0,0.0,0.0,0.0,0.0,,247,245
vix_x_hy,0.0,0.0,0.0,0.0,0.0,,248,245
ret_60d_z_xs_sq,0.0,0.0,0.0,0.0,0.0,,249,245
ret_20d_rank_cubic,0.0,0.0,0.0,0.0,0.0,,250,245
dd_60_severity,0.0,0.0,0.0,0.0,0.0,,251,245
vix_accel,0.0,0.0,0.0,0.0,0.0,,252,245
